Year,icy_access,watery_access,icy_ccsm,watery_ccsm,icy_cmcc,watery_cmcc,icy_cnrm,watery_cnrm,icy_inm,watery_inm,icy_mpi,watery_mpi,icy_nasa,watery_nasa,icy_ncc,watery_ncc,Weighted.mean.icy,Weighted.mean.watery
1951,NA,NA,75,49,14,75,97,59,13,55,42,47,31,60,5,126,44.70502587,59.81845206
1952,NA,NA,71,60,56,58,126,47,14,84,35,26,28,70,6,135,55.9764745,58.1185318
1953,NA,NA,8,114,22,36,101,57,6,25,28,32,24,58,44,59,35.38273972,45.48922174
1954,NA,NA,78,51,51,55,107,58,16,53,28,29,66,26,49,41,61.56727648,43.11470213
1955,NA,NA,95,35,1,93,131,42,6,49,12,29,23,46,16,95,48.58775084,49.5959059
1956,NA,NA,94,30,9,92,124,40,0,102,10,28,0,54,19,101,45.86856235,59.68226402
1957,NA,NA,128,33,54,57,127,37,0,57,11,53,15,52,12,144,62.32870257,53.49841369
1958,NA,NA,99,45,41,41,99,49,16,100,46,14,0,69,42,57,57.01200174,52.40521106
1959,NA,NA,130,16,55,35,122,39,0,136,18,62,23,47,24,101,65.14984611,63.6515846
1960,NA,NA,49,64,87,19,122,34,12,31,15,67,36,37,6,112,54.93149473,43.94874462
1961,93,0,47,68,67,60,128,49,5,51,37,51,22,28,17,82,53.7660586,49.65633422
1962,70,67,67,72,39,61,132,26,0,103,23,60,53,25,23,84,57.88635661,58.45995495
1963,74,58,35,88,27,63,138,30,0,112,23,51,47,33,2,167,50.02462354,61.60349139
1964,81,57,87,45,29,78,133,37,1,82,4,52,34,19,31,58,59.33661409,52.96152344
1965,69,55,85,32,107,19,116,26,2,49,47,40,13,47,36,70,68.97688459,41.02468838
1966,84,32,103,44,32,20,122,34,9,39,37,23,25,20,6,106,61.91111403,31.07995597
1967,88,59,125,25,76,18,127,48,10,46,40,26,59,23,34,52,79.47052899,37.34856459
1968,106,43,112,36,35,64,107,33,6,65,12,57,50,38,13,104,66.03517308,50.65600114
1969,86,51,92,28,48,51,86,58,0,23,24,36,34,44,7,120,56.70522234,45.13547147
1970,91,61,110,13,32,29,78,55,8,74,23,53,15,32,58,46,61.0033065,50.06909074
1971,86,38,97,26,30,37,111,44,5,68,8,36,48,46,65,36,64.11223227,43.45824202
1972,65,58,29,93,23,65,100,57,10,79,11,61,0,55,20,88,38.80578113,64.14695266
1973,76,56,86,49,18,55,140,33,7,70,2,56,0,39,65,26,58.39452263,50.75264003
1974,48,69,92,62,46,27,127,41,0,69,0,53,29,59,22,97,53.67457866,55.8899893
1975,85,36,83,70,63,38,153,25,4,46,8,76,49,46,6,127,66.81380961,49.38120932
1976,94,49,53,41,58,37,122,47,0,62,27,63,36,27,31,59,61.51163054,48.63396505
1977,83,54,80,48,28,68,131,37,2,43,11,56,53,45,23,86,59.68304791,51.19952954
1978,82,53,82,50,53,56,141,30,13,38,17,42,18,75,21,62,63.336193,48.98502281
1979,52,70,88,49,46,47,129,24,0,111,3,71,12,37,56,58,56.36171972,60.49088769
1980,62,61,75,28,71,48,86,41,7,79,42,35,19,42,11,118,54.21897216,51.61746562
1981,65,53,86,48,42,36,111,61,3,52,28,66,4,68,20,83,53.78780313,57.57400199
1982,74,40,58,45,43,50,133,27,3,76,26,63,0,40,21,79,53.93448456,50.30574165
1983,89,39,75,66,38,49,133,39,8,27,17,60,26,42,7,125,59.06413075,46.56535497
1984,83,60,96,47,23,69,136,32,1,77,21,50,41,45,10,136,60.81675514,56.87105358
1985,71,34,93,53,36,31,131,45,2,45,30,44,28,46,42,50,62.29820856,41.89531193
1986,42,71,68,55,5,95,91,68,5,53,20,34,0,59,34,69,38.46220278,60.98575479
1987,74,61,57,59,57,27,91,55,13,15,18,65,26,22,8,146,50.69738328,46.83765914
1988,60,52,27,91,104,33,111,39,3,45,16,35,39,66,15,95,53.93816596,48.43997749
1989,74,52,50,48,49,9,116,45,5,68,8,37,44,29,17,119,52.75883266,43.81458072
1990,96,48,98,25,59,50,133,35,2,43,0,76,35,31,15,77,66.70336562,48.39945051
1991,92,44,41,91,50,51,95,68,3,58,44,56,12,64,9,138,51.84667752,60.46861568
1992,71,56,66,65,43,50,88,66,5,74,0,67,0,57,43,55,48.02222887,62.06938625
1993,85,57,89,40,34,37,50,43,0,119,10,74,35,39,2,145,47.01214828,64.23814605
1994,46,70,136,22,17,78,129,40,6,55,27,30,1,51,9,142,55.70467646,53.82508279
1995,63,51,70,60,52,61,121,46,7,64,28,62,2,54,19,67,53.81603963,56.72681183
1996,98,53,46,74,105,7,129,36,9,34,27,62,0,126,15,111,65.37844143,57.59748117
1997,76,73,49,76,56,58,106,39,2,51,13,47,0,59,4,167,47.96368507,58.69403209
1998,35,66,23,89,81,50,61,59,0,64,26,55,25,52,12,94,37.12385133,60.31755744
1999,64,60,0,181,67,33,54,82,4,111,21,70,1,70,26,107,35.19957164,77.30814676
2000,33,76,59,39,15,70,108,42,2,72,1,85,28,40,26,80,38.66812812,64.61756651
2001,21,82,0,162,102,17,110,41,1,44,4,59,2,37,16,83,37.37482199,54.74659813
2002,25,69,41,45,68,35,31,44,3,47,9,70,5,54,23,92,29.85272912,55.77901896
2003,47,63,17,123,63,38,81,81,20,43,0,59,0,53,12,132,35.59834148,62.0591711
2004,34,61,6,63,72,20,79,57,6,69,4,84,11,52,2,160,31.62969204,63.00919277
2005,32,75,3,105,58,58,77,89,0,97,22,50,30,37,16,103,32.59661091,69.84200462
2006,43,50,49,55,42,26,80,69,1,83,0,80,0,36,22,71,36.19716891,59.50016436
2007,33,80,0,176,51,50,76,64,7,62,0,110,2,36,20,101,27.6242085,75.17076519
2008,16,78,71,58,0,90,54,87,19,50,2,86,0,72,15,119,25.29118116,77.72817713
2009,20,92,86,54,32,73,102,56,3,47,9,75,0,48,5,166,38.6276418,68.60393455
2010,65,64,84,38,33,56,102,50,3,75,2,90,0,54,21,97,48.09601429,66.10026757
2011,100,67,23,86,65,70,66,54,1,81,7,57,0,80,6,141,43.63504026,70.39830135
2012,106,57,96,33,34,37,91,51,0,73,6,57,19,42,9,139,57.06740963,55.3888909
2013,41,97,78,47,7,132,48,64,24,57,23,57,0,66,21,70,34.44240769,74.9899964
2014,49,101,0,95,24,71,107,47,0,66,41,48,0,69,10,109,33.36122628,69.17475448
2015,36,76,37,67,12,79,97,63,16,55,18,45,19,52,1,178,33.17778854,64.37271165
2016,6,107,85,26,0,105,110,56,0,51,29,65,0,47,8,106,34.07876989,70.49014153
2017,25,74,18,84,0,91,119,41,5,43,7,50,3,32,0,181,26.05314601,59.07514175
2018,40,82,40,73,9,69,80,53,1,113,0,99,0,63,6,142,27.62469686,82.57342871
2019,16,100,37,76,35,53,82,67,11,39,3,70,9,61,9,134,28.76784483,69.06408068
2020,7,87,44,60,0,95,81,58,0,69,0,64,0,70,24,89,22.36488701,72.88513631
2021,11,94,8,101,1,91,93,57,0,85,0,103,0,92,19,81,18.75760237,88.10139648
2022,4,106,4,159,0,144,110,48,6,100,5,74,0,41,9,132,18.98467535,87.67232369
2023,44,62,51,68,2,101,81,50,0,97,0,87,0,75,11,104,29.66906908,78.11554487
2024,0,138,0,110,42,75,46,86,3,37,0,113,0,64,8,146,13.92302815,91.29637402
2025,34,85,6,101,36,61,10,126,6,124,5,75,0,77,6,135,15.92650412,93.10836976
2026,1,101,40,76,0,143,58,98,6,63,0,89,0,71,9,102,16.23422404,92.03380515
2027,24,98,41,57,36,47,70,82,5,80,2,66,0,73,23,71,29.49304764,74.67805092
2028,13,96,66,68,37,40,45,69,6,54,0,68,0,73,12,123,26.72125465,70.13238019
2029,53,76,46,57,31,76,97,68,2,47,20,63,0,67,9,122,39.14406736,67.29009972
2030,8,78,0,181,16,92,69,56,5,54,0,83,0,44,9,123,15.10356964,74.0815966
2031,65,74,11,96,31,79,90,49,2,88,0,50,0,30,1,165,32.15664087,65.18846494
2032,0,132,25,60,41,31,104,59,0,58,11,53,0,104,3,128,26.40730503,75.98829961
2033,26,78,0,153,7,101,85,64,8,49,3,97,0,76,4,140,19.54769859,82.50696475
2034,14,79,0,181,20,61,61,86,3,77,23,66,0,64,23,69,19.17332282,76.64778633
2035,44,96,0,163,50,45,82,71,6,90,3,86,0,65,9,87,29.42350934,81.27208025
2036,26,81,7,126,6,81,55,100,3,52,19,58,0,57,6,148,17.58301727,75.32479106
2037,22,76,0,112,12,93,78,85,0,139,4,76,0,92,18,106,19.40497469,93.25933815
2038,4,83,18,67,11,56,81,51,4,73,5,65,0,55,3,169,17.98152824,67.84178402
2039,15,91,0,146,85,33,29,78,0,125,0,62,0,65,11,97,20.93974879,80.15801618
2040,2,125,18,113,37,35,81,72,0,59,2,77,0,62,11,114,21.70974441,77.39885104
2041,70,75,0,181,0,82,55,82,2,61,0,94,0,90,1,172,21.6932015,87.84154729
2042,0,172,0,156,19,59,71,67,0,98,6,80,0,76,9,134,14.49102145,98.27328897
2043,0,142,0,163,18,81,58,84,2,63,12,53,0,54,1,170,12.41406237,85.82895428
2044,0,133,0,148,14,95,75,67,5,60,0,122,0,63,4,172,13.61465603,97.11878372
2045,0,139,1,124,44,70,51,52,0,99,0,126,0,70,0,176,14.08045038,99.73192052
2046,12,92,10,76,15,63,101,64,0,95,0,109,0,94,0,178,20.63881419,90.42179936
2047,1,113,11,89,41,77,88,68,5,90,5,75,3,36,1,145,21.92006239,79.78475607
2048,9,125,46,71,54,31,9,79,2,63,0,72,0,73,4,142,19.05931586,78.42732697
2049,0,128,2,113,3,111,7,99,0,90,0,106,0,74,5,163,2.268886357,104.1898805
2050,3,127,79,68,0,91,33,76,2,84,0,176,0,85,8,143,18.8780521,110.2607119
2051,0,113,23,110,2,75,74,65,4,38,0,144,0,84,8,162,15.66411037,93.43701915
2052,2,145,27,83,9,102,83,82,6,44,0,85,0,61,11,139,19.48081301,88.8714817
2053,33,86,26,88,30,62,36,91,1,73,0,73,0,74,0,181,20.29646766,80.6722871
2054,14,103,19,90,15,96,45,71,8,74,0,121,0,74,3,174,15.34929396,93.88992432
2055,0,181,9,126,23,76,77,78,0,120,0,95,0,50,5,155,16.41679829,105.144638
2056,1,143,0,112,37,62,55,66,11,91,0,91,0,62,4,140,14.85818397,90.88448586
2057,0,145,16,79,3,131,49,103,0,80,0,111,0,113,6,166,10.61780804,114.1440887
2058,6,150,5,86,11,111,78,76,0,119,3,70,0,65,9,142,15.96323732,98.74926645
2059,15,134,0,144,9,99,26,107,3,71,2,68,0,47,1,166,8.501118008,92.1501613
2060,0,182,12,139,3,75,75,67,0,96,0,138,0,91,7,153,13.7990332,114.9909148
2061,0,181,6,117,0,150,16,130,1,75,0,104,0,83,18,86,5.109490115,119.1891946
2062,0,178,12,118,31,91,15,65,0,139,2,70,0,68,10,135,9.913913621,104.0916295
2063,0,175,0,166,0,141,37,108,0,86,0,75,9,50,3,159,6.332094263,108.9382626
2064,0,182,0,109,0,120,12,75,7,92,0,82,20,26,3,171,4.183259166,99.51560431
2065,16,99,47,76,34,54,64,77,2,51,7,81,11,30,1,178,26.71779558,71.08373409
2066,0,181,0,111,2,120,41,71,1,81,0,90,2,24,2,143,6.607199237,97.62822413
2067,0,127,8,116,3,63,38,91,4,102,0,133,0,108,3,171,7.767964929,109.7410161
2068,0,150,0,132,18,85,20,110,0,73,8,93,0,92,11,104,7.431321678,103.3412151
2069,11,76,34,88,0,139,45,82,13,78,5,56,0,76,1,158,15.56739849,83.48528331
2070,0,130,32,61,2,91,68,64,0,81,0,114,0,93,4,158,15.54639295,97.83651765
2071,0,181,39,65,3,106,55,62,1,101,0,72,0,89,0,178,14.6337605,103.0427206
2072,0,173,10,109,11,50,83,63,0,145,0,82,0,96,1,175,15.23318737,106.4419172
2073,0,149,7,137,0,113,41,99,5,98,0,105,0,73,0,179,7.363872606,110.3259922
2074,0,177,0,122,0,181,33,62,9,73,0,92,0,68,13,76,6.689868146,106.843659
2075,0,164,0,103,0,140,65,54,0,122,0,139,0,90,1,174,9.402951234,120.4482152
2076,0,153,36,77,0,101,15,121,3,91,0,177,0,100,10,107,9.119472583,125.4612042
2077,0,143,5,75,10,77,27,94,0,52,0,109,0,64,0,181,6.168668436,94.68131582
2078,0,162,18,69,14,68,73,68,1,127,2,90,0,38,0,181,15.70059237,96.19045827
2079,0,181,4,130,17,90,49,74,0,129,0,121,0,54,7,142,10.90519679,112.90254
2080,0,182,0,139,0,182,9,98,10,54,2,126,0,81,0,178,2.233138162,122.7499421
2081,0,170,2,157,0,116,28,80,7,28,0,165,0,97,3,145,5.151796635,116.250704
2082,0,152,21,93,0,136,36,92,0,82,0,123,0,32,0,181,8.509990107,105.7831505
2083,0,173,7,118,0,158,69,77,0,113,0,122,0,68,5,170,11.49117518,120.1055866
2084,0,182,0,136,0,182,23,92,0,104,0,180,13,48,1,178,4.458150096,134.6217759
2085,0,181,0,162,0,181,76,70,2,67,0,59,0,69,0,181,11.02879316,106.3091627
2086,9,120,9,95,0,135,93,53,0,134,0,117,0,58,4,165,16.89184032,104.1720509
2087,0,109,10,96,17,95,64,61,14,91,0,170,0,92,3,173,14.66836482,108.2404205
2088,5,128,0,161,3,91,0,123,15,59,0,182,0,68,5,160,3.045439052,116.6623883
2089,0,180,0,170,0,147,2,96,0,104,0,146,0,73,2,156,0.484591731,128.6579491
2090,0,157,6,137,0,94,35,93,2,62,0,88,0,57,2,165,6.317747125,97.22770475
2091,0,181,0,181,0,177,88,60,0,70,0,98,0,97,3,164,12.89338301,116.8071133
2092,2,129,0,143,0,170,43,91,2,113,0,99,0,101,1,178,6.792236225,117.6392733
2093,0,165,0,181,0,181,24,86,5,125,0,131,0,61,0,181,3.811533036,128.0023454
2094,0,150,16,107,0,81,68,86,0,105,0,145,0,173,11,148,13.38177004,126.5237883
2095,26,106,23,99,6,94,67,77,19,62,3,62,15,66,0,181,22.15984502,81.21158534
2096,0,177,0,149,26,83,40,71,9,78,2,73,0,43,3,171,10.80478106,94.1051436
2097,0,181,7,108,2,87,4,144,8,71,0,130,0,74,0,179,2.594581548,119.5877751
2098,0,181,0,154,7,92,41,97,1,69,0,118,0,66,1,177,7.096254549,111.014978
2099,8,101,0,152,7,77,37,72,2,110,0,83,0,72,2,176,8.249113126,91.59481036
2100,0,178,0,162,8,90,19,92,8,96,0,77,0,72,7,125,5.219515432,105.1479897
