strata,layer.area,diff,M,Year
High,106.1098902,31.03313603,155.1656802,1988
Low,2206.145367,87.84862669,439.2431334,1988
LowE,2090.223553,100.9419903,504.7099515,1988
LowN,5880.98967,167.6255944,838.1279722,1988
LowS,2252.917733,100.583675,502.9183751,1988
Medium,289.7301843,58.24106944,291.2053472,1988
Mountains,6.512569369,2.877510605,14.38755303,1988
High,106.1098902,31.03313603,155.1656802,1989
Low,2206.145367,87.84862669,439.2431334,1989
LowE,2090.223553,100.9419903,504.7099515,1989
LowN,5880.98967,167.6255944,838.1279722,1989
LowS,2252.917733,100.583675,502.9183751,1989
Medium,289.7301843,58.24106944,291.2053472,1989
Mountains,6.512569369,2.877510605,14.38755303,1989
High,106.1098902,31.03313603,155.1656802,1990
Low,2206.145367,87.84862669,439.2431334,1990
LowE,2090.223553,100.9419903,504.7099515,1990
LowN,5880.98967,167.6255944,838.1279722,1990
LowS,2252.917733,100.583675,502.9183751,1990
Medium,289.7301843,58.24106944,291.2053472,1990
Mountains,6.512569369,2.877510605,14.38755303,1990
High,106.1098902,31.03313603,155.1656802,1991
Low,2206.145367,87.84862669,439.2431334,1991
LowE,2090.223553,100.9419903,504.7099515,1991
LowN,5880.98967,167.6255944,838.1279722,1991
LowS,2252.917733,100.583675,502.9183751,1991
Medium,289.7301843,58.24106944,291.2053472,1991
Mountains,6.512569369,2.877510605,14.38755303,1991
High,106.1098902,31.03313603,155.1656802,1992
Low,2206.145367,87.84862669,439.2431334,1992
LowE,2090.223553,100.9419903,504.7099515,1992
LowN,5880.98967,167.6255944,838.1279722,1992
LowS,2252.917733,100.583675,502.9183751,1992
Medium,289.7301843,58.24106944,291.2053472,1992
Mountains,6.512569369,2.877510605,14.38755303,1992
High,106.1098902,31.03313603,155.1656802,1993
Low,2206.145367,87.84862669,439.2431334,1993
LowE,2090.223553,100.9419903,504.7099515,1993
LowN,5880.98967,167.6255944,838.1279722,1993
LowS,2252.917733,100.583675,502.9183751,1993
Medium,289.7301843,58.24106944,291.2053472,1993
Mountains,6.512569369,2.877510605,14.38755303,1993
High,106.1098902,31.03313603,155.1656802,1994
Low,2206.145367,87.84862669,439.2431334,1994
LowE,2090.223553,100.9419903,504.7099515,1994
LowN,5880.98967,167.6255944,838.1279722,1994
LowS,2252.917733,100.583675,502.9183751,1994
Medium,289.7301843,58.24106944,291.2053472,1994
Mountains,6.512569369,2.877510605,14.38755303,1994
High,237.854923,51.1193381,255.5966905,1995
Low,1966.781022,90.94670548,454.7335274,1995
LowE,2090.223553,100.9419903,504.7099515,1995
LowN,5880.98967,167.6255944,838.1279722,1995
LowS,2252.917733,100.583675,502.9183751,1995
Medium,397.3494958,60.49186977,302.4593488,1995
Mountains,6.512569369,2.877510605,14.38755303,1995
High,237.854923,51.1193381,255.5966905,1996
Low,1966.781022,90.94670548,454.7335274,1996
LowE,2090.223553,100.9419903,504.7099515,1996
LowN,5880.98967,167.6255944,838.1279722,1996
LowS,2252.917733,100.583675,502.9183751,1996
Medium,397.3494958,60.49186977,302.4593488,1996
Mountains,6.512569369,2.877510605,14.38755303,1996
High,237.854923,51.1193381,255.5966905,1997
Low,1966.781022,90.94670548,454.7335274,1997
LowE,2090.223553,100.9419903,504.7099515,1997
LowN,5880.98967,167.6255944,838.1279722,1997
LowS,2252.917733,100.583675,502.9183751,1997
Medium,397.3494958,60.49186977,302.4593488,1997
Mountains,6.512569369,2.877510605,14.38755303,1997
High,237.854923,51.1193381,255.5966905,1998
Low,1966.781022,90.94670548,454.7335274,1998
LowE,2090.223553,100.9419903,504.7099515,1998
LowN,5880.98967,167.6255944,838.1279722,1998
LowS,2252.917733,100.583675,502.9183751,1998
Medium,397.3494958,60.49186977,302.4593488,1998
Mountains,6.512569369,2.877510605,14.38755303,1998
High,237.854923,51.1193381,255.5966905,1999
Low,1966.781022,90.94670548,454.7335274,1999
LowE,2090.223553,100.9419903,504.7099515,1999
LowN,5880.98967,167.6255944,838.1279722,1999
LowS,2252.917733,100.583675,502.9183751,1999
Medium,397.3494958,60.49186977,302.4593488,1999
Mountains,6.512569369,2.877510605,14.38755303,1999
High,237.854923,51.1193381,255.5966905,2000
Low,1966.781022,90.94670548,454.7335274,2000
LowE,2090.223553,100.9419903,504.7099515,2000
LowN,5880.98967,167.6255944,838.1279722,2000
LowS,2252.917733,100.583675,502.9183751,2000
Medium,397.3494958,60.49186977,302.4593488,2000
Mountains,6.512569369,2.877510605,14.38755303,2000
High,237.854923,51.1193381,255.5966905,2001
Low,1966.781022,90.94670548,454.7335274,2001
LowE,2090.223553,100.9419903,504.7099515,2001
LowN,5880.98967,167.6255944,838.1279722,2001
LowS,2252.917733,100.583675,502.9183751,2001
Medium,397.3494958,60.49186977,302.4593488,2001
Mountains,6.512569369,2.877510605,14.38755303,2001
High,237.854923,51.1193381,255.5966905,2002
Low,1966.781022,90.94670548,454.7335274,2002
LowE,2090.223553,100.9419903,504.7099515,2002
LowN,5880.98967,167.6255944,838.1279722,2002
LowS,2252.917733,100.583675,502.9183751,2002
Medium,397.3494958,60.49186977,302.4593488,2002
Mountains,6.512569369,2.877510605,14.38755303,2002
High,237.854923,51.1193381,255.5966905,2003
Low,1966.781022,90.94670548,454.7335274,2003
LowE,2090.223553,100.9419903,504.7099515,2003
LowN,5880.98967,167.6255944,838.1279722,2003
LowS,2252.917733,100.583675,502.9183751,2003
Medium,397.3494958,60.49186977,302.4593488,2003
Mountains,6.512569369,2.877510605,14.38755303,2003
High,237.854923,51.1193381,255.5966905,2004
Low,1966.781022,90.94670548,454.7335274,2004
LowE,2090.223553,100.9419903,504.7099515,2004
LowN,5880.98967,167.6255944,838.1279722,2004
LowS,2252.917733,100.583675,502.9183751,2004
Medium,397.3494958,60.49186977,302.4593488,2004
Mountains,6.512569369,2.877510605,14.38755303,2004
High,237.854923,51.1193381,255.5966905,2005
Low,1966.781022,90.94670548,454.7335274,2005
LowE,2090.223553,100.9419903,504.7099515,2005
LowN,5880.98967,167.6255944,838.1279722,2005
LowS,2252.917733,100.583675,502.9183751,2005
Medium,397.3494958,60.49186977,302.4593488,2005
Mountains,6.512569369,2.877510605,14.38755303,2005
High,237.854923,51.1193381,255.5966905,2006
Low,1966.781022,90.94670548,454.7335274,2006
LowE,2090.223553,100.9419903,504.7099515,2006
LowN,5880.98967,167.6255944,838.1279722,2006
LowS,2252.917733,100.583675,502.9183751,2006
Medium,397.3494958,60.49186977,302.4593488,2006
Mountains,6.512569369,2.877510605,14.38755303,2006
High,237.854923,51.1193381,255.5966905,2007
Low,1966.781022,90.94670548,454.7335274,2007
LowE,2090.223553,100.9419903,504.7099515,2007
LowN,5880.98967,167.6255944,838.1279722,2007
LowS,2252.917733,100.583675,502.9183751,2007
Medium,397.3494958,60.49186977,302.4593488,2007
Mountains,6.512569369,2.877510605,14.38755303,2007
High,237.854923,51.1193381,255.5966905,2008
Low,1966.781022,90.94670548,454.7335274,2008
LowE,2090.223553,100.9419903,504.7099515,2008
LowN,5880.98967,167.6255944,838.1279722,2008
LowS,2252.917733,100.583675,502.9183751,2008
Medium,397.3494958,60.49186977,302.4593488,2008
Mountains,6.512569369,2.877510605,14.38755303,2008
High,237.854923,51.1193381,255.5966905,2009
Low,1966.781022,90.94670548,454.7335274,2009
LowE,2090.223553,100.9419903,504.7099515,2009
LowN,5880.98967,167.6255944,838.1279722,2009
LowS,2252.917733,100.583675,502.9183751,2009
Medium,397.3494958,60.49186977,302.4593488,2009
Mountains,6.512569369,2.877510605,14.38755303,2009
High,237.854923,51.1193381,255.5966905,2010
Low,1966.781022,90.94670548,454.7335274,2010
LowE,2090.223553,100.9419903,504.7099515,2010
LowN,5880.98967,167.6255944,838.1279722,2010
LowS,2252.917733,100.583675,502.9183751,2010
Medium,397.3494958,60.49186977,302.4593488,2010
Mountains,6.512569369,2.877510605,14.38755303,2010
High,237.854923,51.1193381,255.5966905,2012
Low,1966.781022,90.94670548,454.7335274,2012
LowE,2090.223553,100.9419903,504.7099515,2012
LowN,5880.98967,167.6255944,838.1279722,2012
LowS,2252.917733,100.583675,502.9183751,2012
Medium,397.3494958,60.49186977,302.4593488,2012
Mountains,6.512569369,2.877510605,14.38755303,2012
High,237.854923,51.1193381,255.5966905,2013
Low,1966.781022,90.94670548,454.7335274,2013
LowE,2090.223553,100.9419903,504.7099515,2013
LowN,5880.98967,167.6255944,838.1279722,2013
LowS,2252.917733,100.583675,502.9183751,2013
Medium,397.3494958,60.49186977,302.4593488,2013
Mountains,6.512569369,2.877510605,14.38755303,2013
High,237.854923,51.1193381,255.5966905,2014
Low,1966.781022,90.94670548,454.7335274,2014
LowE,2090.223553,100.9419903,504.7099515,2014
LowN,5880.98967,167.6255944,838.1279722,2014
LowS,2252.917733,100.583675,502.9183751,2014
Medium,397.3494958,60.49186977,302.4593488,2014
Mountains,6.512569369,2.877510605,14.38755303,2014
High,237.854923,51.1193381,255.5966905,2015
Low,1966.781022,90.94670548,454.7335274,2015
LowE,2090.223553,100.9419903,504.7099515,2015
LowN,5880.98967,167.6255944,838.1279722,2015
LowS,2252.917733,100.583675,502.9183751,2015
Medium,397.3494958,60.49186977,302.4593488,2015
Mountains,6.512569369,2.877510605,14.38755303,2015
High,237.854923,51.1193381,255.5966905,2016
Low,1966.781022,90.94670548,454.7335274,2016
LowE,2090.223553,100.9419903,504.7099515,2016
LowN,5880.98967,167.6255944,838.1279722,2016
LowS,2252.917733,100.583675,502.9183751,2016
Medium,397.3494958,60.49186977,302.4593488,2016
Mountains,6.512569369,2.877510605,14.38755303,2016
High,237.854923,51.1193381,255.5966905,2017
Low,1966.781022,90.94670548,454.7335274,2017
LowE,2090.223553,100.9419903,504.7099515,2017
LowN,5880.98967,167.6255944,838.1279722,2017
LowS,2252.917733,100.583675,502.9183751,2017
Medium,397.3494958,60.49186977,302.4593488,2017
Mountains,6.512569369,2.877510605,14.38755303,2017
High,237.854923,51.1193381,255.5966905,2018
Low,1966.781022,90.94670548,454.7335274,2018
LowE,2090.223553,100.9419903,504.7099515,2018
LowN,5880.98967,167.6255944,838.1279722,2018
LowS,2252.917733,100.583675,502.9183751,2018
Medium,397.3494958,60.49186977,302.4593488,2018
Mountains,6.512569369,2.877510605,14.38755303,2018
High,237.854923,51.1193381,255.5966905,2019
Low,1966.781022,90.94670548,454.7335274,2019
LowE,2090.223553,100.9419903,504.7099515,2019
LowN,5880.98967,167.6255944,838.1279722,2019
LowS,2252.917733,100.583675,502.9183751,2019
Medium,397.3494958,60.49186977,302.4593488,2019
Mountains,6.512569369,2.877510605,14.38755303,2019
High,237.854923,51.1193381,255.5966905,2021
Low,1966.781022,90.94670548,454.7335274,2021
LowE,2090.223553,100.9419903,504.7099515,2021
LowN,5880.98967,167.6255944,838.1279722,2021
LowS,2252.917733,100.583675,502.9183751,2021
Medium,397.3494958,60.49186977,302.4593488,2021
Mountains,6.512569369,2.877510605,14.38755303,2021
