Year,Month,Day,Seat,Observer,Stratum,Transect,Segment,Flight_Dir,A_G_Name,Wind_Dir,Wind_Vel,Sky,Filename,Time,Delay,Species,Num,Obs_Type,Behavior,Distance,Code,Notes,ctran,closest,dist,Lon,Lat,itotal,ibb,total,sing1pair2,flock,class,strata,area,obs.area,strata.area,freq
2016,5,26,RR,TKZ,NA,49,NA,90,NA,ESE,8,ovrcast,YKD16043,52503.6,1,SPEI,5,flkdrake,NA,NA,1,NA,155,155,0.019706859,-165.0393,61.1238,5,0,5,0,5,s.flock,None,YKDV,0,0,0
2016,5,31,RR,TKZ,NA,46,NA,269,NA,NE,15,clear,YKD16113,54137.9,1.18,SPEI,5,flkdrake,NA,NA,1,NA,124,124,0.093159632,-165.1095,61.0801,5,0,5,0,5,s.flock,None,YKDV,0,0,0
2017,5,27,RR,TKZ,NA,26,NA,90,NA,sw,5,broken 1500,YKD17029,46150.1,3.02,SPEI,4,flkdrake,NA,NA,1,NA,49,49,0.011074019,-164.8884,60.8017,8,8,4,0,4,s.flock,None,YKDV,0,0,0
2017,5,27,RR,TKZ,NA,40,NA,270,NA,sw,5,broken 1500,YKD17036,50372.1,1.12,SPEI,4,flkdrake,NA,NA,1,NA,100,100,0.055608515,-165.0643,61.0029,8,8,4,0,4,s.flock,None,YKDV,0,0,0
2017,5,27,RR,TKZ,NA,40,NA,270,NA,sw,5,broken 1500,YKD17036,50405.6,1.07,SPEI,3,flkdrake,NA,NA,1,NA,100,100,0.115525311,-165.089,61.0013,6,6,3,0,3,s.flock,None,YKDV,0,0,0
2017,5,27,RR,TKZ,NA,41,NA,89,NA,sw,5,broken 1500,YKD17037,50864,1.56,SPEI,3,flkdrake,NA,NA,1,NA,105,105,0.015328806,-164.8467,61.0176,6,6,3,0,3,s.flock,None,YKDV,0,0,0
2017,5,27,RR,TKZ,NA,50,NA,269,NA,sw,5,broken 1500,YKD17041,55247.9,2.77,SPEI,4,flkdrake,NA,NA,1,NA,165,165,0.054766849,-165.5916,61.1437,8,8,4,0,4,s.flock,None,YKDV,0,0,0
2017,5,28,RR,TKZ,NA,49,NA,90,NA,sw,5,scattered 1500,YKD17066,53824,1.47,SPEI,4,flkdrake,NA,NA,1,NA,155,155,0.054311105,-165.5811,61.1284,8,8,4,0,4,s.flock,None,YKDV,0,0,0
2018,5,31,RR,TKZ,NA,42,NA,90,NA,S,7,1200 broken,YKD18082,45706.1,0.45,SPEI,4,flkdrake,NA,NA,1,NA,101,101,0.03165613,-165.0051,61.0059,8,8,4,0,4,s.flock,None,YKDV,0,0,0
2018,5,31,RR,TKZ,NA,52,NA,269,NA,S,7,1200 broken,YKD18085,49349,1.08,SPEI,3,flkdrake,NA,NA,1,NA,166,166,0.004046523,-165.6063,61.1467,6,6,3,0,3,s.flock,None,YKDV,0,0,0
2018,5,31,RR,TKZ,NA,83,NA,89,NA,S,7,1200 broken,YKD18092,54218.8,1.38,SPEI,3,flkdrake,NA,NA,1,NA,333,333,0.01972973,-165.7232,61.6923,6,6,3,0,3,s.flock,None,YKDV,0,0,0
2018,5,31,RR,TKZ,NA,83,NA,89,NA,S,7,1200 broken,YKD18092,54308.1,0.41,SPEI,3,flkdrake,NA,NA,1,NA,333,333,0.00670992,-165.6438,61.6927,6,6,3,0,3,s.flock,None,YKDV,0,0,0
2019,5,24,RR,TKZ,NA,27,NA,90,NA,N,8,OVC,YKD19030,51992.4,1.59,SPEI,2,flkdrake,NA,NA,1,NA,54,54,0.029699231,-164.96,60.8557,4,4,2,0,2,pair,None,YKDV,0,0,0
2019,5,24,RR,TKZ,NA,37,NA,270,NA,N,8,OVC,YKD19036,55791.3,0.94,SPEI,3,flkdrake,NA,NA,1,NA,85,85,0.01973054,-164.9858,60.9845,6,6,3,0,3,s.flock,None,YKDV,0,0,0
2019,5,24,RR,TKZ,NA,47,NA,89,NA,N,8,OVC,YKD19041,58876.7,1.42,SPEI,2,flkdrake,NA,NA,1,NA,147,147,0.021969754,-165.5628,61.1252,4,4,2,0,2,pair,None,YKDV,0,0,0
2019,5,24,RR,TKZ,NA,51,NA,89,NA,N,8,OVC,YKD19043,61536.5,0.58,SPEI,2,flkdrake,NA,NA,1,NA,191,191,0.029084124,-165.2279,61.1844,4,4,2,0,2,pair,None,YKDV,0,0,0
2019,5,24,RR,TKZ,NA,53,NA,269,NA,N,8,OVC,YKD19044,62782.1,0.29,SPEI,2,flkdrake,NA,NA,1,NA,210,210,0.04111466,-165.6331,61.2116,4,4,2,0,2,pair,None,YKDV,0,0,0
2019,26,5,RR,TKZ,NA,77,NA,89,NA,SE,5,SCT,YKD19058,42020.5,3.02,SPEI,2,flkdrake,NA,NA,1,NA,322,322,0.067069404,-165.5759,61.6711,4,4,2,0,2,pair,None,YKDV,0,0,0
2019,26,5,RR,TKZ,NA,38,NA,90,NA,SE,5,SCT,YKD19066,49145.4,2.23,SPEI,3,flkdrake,NA,NA,1,NA,91,91,0.048154177,-165.0765,60.9992,6,6,3,0,3,s.flock,None,YKDV,0,0,0
2019,26,5,RR,TKZ,NA,48,NA,270,NA,SE,5,SCT,YKD19071,53519,1.76,SPEI,2,flkdrake,NA,NA,1,NA,161,161,0.009871772,-164.8268,61.1428,4,4,2,0,2,pair,None,YKDV,0,0,0
2019,26,5,RR,TKZ,NA,48,NA,270,NA,SE,5,SCT,YKD19071,53872.9,1.87,SPEI,2,flkdrake,NA,NA,1,NA,161,161,0.019026423,-165.1349,61.1414,4,4,2,0,2,pair,None,YKDV,0,0,0
2019,26,5,RR,TKZ,NA,50,NA,90,NA,SE,5,SCT,YKD19072,55002.8,1.54,SPEI,2,flkdrake,NA,NA,1,NA,180,180,0.03826652,-165.2228,61.1699,4,4,2,0,2,pair,None,YKDV,0,0,0
2019,26,5,RR,TKZ,NA,54,NA,270,NA,SE,5,SCT,YKD19078,64176.6,0.23,SPEI,3,flkdrake,NA,NA,1,NA,218,218,0.031811349,-165.5709,61.2262,6,6,3,0,3,s.flock,None,YKDV,0,0,0
2021,6,1,RR,TKZ,NA,36,NA,90,NA,NA,NA,NA,YKD21080,47691.3,0.29,SPEI,2,flkdrake,NA,NA,1,NA,76,76,0.017565488,-165.1444,60.9373,4,4,2,0,2,pair,None,YKDV,0,0,0
2021,6,1,RR,TKZ,NA,46,NA,270,NA,NA,NA,NA,YKD21085,50873.6,1,SPEI,2,flkdrake,NA,NA,1,NA,125,125,0.02622198,-165.0756,61.0813,4,4,2,0,2,pair,None,YKDV,0,0,0
2021,6,1,RR,TKZ,NA,52,NA,90,NA,NA,NA,NA,YKD21088,54581.7,0.22,SPEI,2,flkdrake,NA,NA,1,NA,183,183,0.004979932,-165.2434,61.1665,4,4,2,0,2,pair,None,YKDV,0,0,0
2021,6,1,RR,TKZ,NA,54,NA,90,NA,NA,NA,NA,YKD21090,56908.3,1.08,SPEI,2,flkdrake,NA,NA,1,NA,204,204,0.007991428,-165.1686,61.1958,4,4,2,0,2,pair,None,YKDV,0,0,0
2021,6,2,RR,TKZ,NA,59,NA,270,NA,NA,NA,NA,YKD21104,67573.6,0.42,SPEI,2,flkdrake,NA,NA,1,NA,243,243,0.018800776,-165.5687,61.2656,4,4,2,0,2,pair,None,YKDV,0,0,0
